id,type,text1,text2,text3,notes
#USNC,,,,,
USNC,FACTION,"United States Naval Command.

A faction cut off from the rest of their nation due to unfortante circumstance, the senior leadership decided to consolidated power into a new command council and continue the traditions of the USN as their own entity or if one day they can be reunited.",,,
,,,,,
#Ships,,,,,
on_elcopt,SHIP,"Elco Patrol Torpedo Boat.

This is a small craft armed with a decent armament of torpedoes used to take on bigger targets and then manuever away at speed.",,,
on_LCM6,SHIP,"Modified LCM-6.

This is a modified Landing Craft, uparmored and given a decent armament not really meant to fight ships head but fill more of a support/escort role.",,,
on_devastator,SHIP,"TBD-1 Devastator.

This is an early war naval bomber, usually armed with torpedoes or other bombs mounted on it's underside.",,,
on_avenger,SHIP,"TBF-1C Avenger.

This is an early to mid war naval bomber, usually armed with torpedoes or other bombs mounted on it's underside.",,,
on_dauntless,SHIP,"SBD-3 Dauntless.

This is an early to late war naval bomber, usually armed with torpedoes or other bombs mounted on it's underside.",,,
on_wildcat,SHIP,"F4F-3 Wildcat.

This is an early war naval fighter, sometimes armed with small bombs to deal with light targets.",,,
,,,,,
on_liberty,SHIP,"Liberty Ship, Multi-purpose Ship.

This is an early to late war merchant ship, commissioned as part of a program to bolster supply line capability.",,,
on_victory,SHIP,"Victory Ship class, Multi-purpose Ship.

This is an early to late war merchant ship, this is an upgrade to the Liberty to improve it's engines and hull.",,,
on_cimarron,SHIP,"Cimarron class, Tanker.

This is an early to late war fuel tanker ship, commissioned as part of a program to bolster supply line capability.",,,
on_lst,SHIP,"Landing Ship, Tank class, Troop Transport.

This is an early to late war landing ship, usually used to support ground invasions or as very fragile light carriers.",,,
on_monitorold,SHIP,"Ironclad Monitor class, Monitor.

This is an ancient piece, most likely from a muesum but brought into service as a light gunship. There are some rumors of upgunning and automating the ship to better fit the role of a system patrol vessel.",,,
on_sampson,SHIP,"Sampson class, Destroyer.

This is a pre-war torpedo destroyer, commissioned long ago but still in service due to it's decent torpedo count and relatively cheap cost.",,,
on_butler,SHIP,"Butler class, Destroyer Escort.

This is a late war destroyer escort, it was meant to act as a screen compliment to various size formations.",,,
on_balao,SHIP,"Balao class, Phase Destroyer.

This is an mid to late war phase submarine, it packs a decent punch with it's torpedoes but has little in terms of other armament as it's meant to hit and run.",,,
on_fletcher,SHIP,"Fletcher class, Destroyer.

This is a early to late war destroyer, it sports a decent armament making it good as a core all-rounder.",,,
on_atlanta,SHIP,"Atlanta class, Light Cruiser.

This is an early to late war light cruiser, it was originally designed with the intent to either lead destroyer groups or provide good screening capability to larger fleets.",,,
on_portland,SHIP,"Portland class, Heavy Cruiser.

This is a pre-war to later war heavy cruiser, it has a decent bit of armor and an upgrade to armament in comparison to the Atlanta.",,,
on_lexington,SHIP,"Lexington class, Battlecruiser.

This is a pre-war battlecruiser, and is the only one of it's class in the USN's ship database.",,,
on_yorktown,SHIP,"Yorktown class Carrier.

This is a pre-war to late war carrier, it has a decent amount of aircraft and point defense with reserve craft beneth the deck inwhich elevators can be used to retrieve them.",,,
on_ncarolina,SHIP,"North Carolina class, Battleship.

This is a early to late war battleship, it has a good amount of armament and point defense while also somewhat retaining a decent bit of manuervability.",,,
on_iowa,SHIP,"Iowa class, Battleship.

This is a early to late war battleship, it has a good amount of armament and point defense while also somewhat retaining a decent bit of manuervability.",,,
,,,,,
#Weapons,,,,,
on_AN50cal,WEAPON,"50cal Mount, you might see this for many built-in weapons. The loading mechanism has been automated, it feeds in one 45 round belt at a time while holding 105 rounds in reserve total.",,,
on_Twin50cal,WEAPON,"Twin 50cal AA Mount, you might see this for many built-in weapons. The loading mechanism has been automated, it feeds in one 105 round belt at a time while holding 210 rounds in reserve total.",,,
on_Hot13mm,WEAPON,"13mm AA Mount, you might see this for many built-in weapons. The loading mechanism has been automated, it feeds in one 45 round belt at a time while holding 105 rounds in reserve total.",,,
on_Oer20mm,WEAPON,"Oerlikon 20mm AA Mount, you might see this for many built-in weapons. The loading mechanism has been automated, it feeds in one 60 round drum at a time.",,,
on_OerD20mm,WEAPON,"Oerlikon 20mm AA Mount, you might see this for many built-in weapons. The loading mechanism has been automated, it feeds in one 60 round drum at a time while holding 120 rounds in reserve total.",,,
on_Pha20mm,WEAPON,"Phalanx 20mm CIWS Mount, you might see this for many built-in weapons. The loading mechanism has been automated, it feeds in one 2000 round drum at a time.",,,
on_Hot37mm,WEAPON,"Hotchkiss 37mm Gun Mount, you might see this for many built-in weapons. The loading mechanism has been automated, it feeds in one round at a time while holding 10 rounds in reserve total.",,,
on_Bof40mm,WEAPON,"Bofor 40mm AA Mount, you might see this for many built-in weapons. The loading mechanism has been automated, it feeds in one round at a time while holding 4 rounds in reserve total.",,,
on_BofD40mm,WEAPON,"Dual Bofor 40mm AA Mount, you might see this for many built-in weapons. The loading mechanism has been automated, it feeds in 2 rounds at a time while holding 8 rounds in reserve total.",,,
on_BofQ40mm,WEAPON,"Quad Bofor 40mm AA Mount, you might see this for many built-in weapons. The loading mechanism has been automated, it feeds in 4 round at a time while holding 16 rounds in reserve total.",,,
,,,,,
on_5inch,WEAPON,"5 inch (127mm) Gun turret. The loading mechanism has been semi-automated, it feeds in one round at a time while holding 5 rounds in reserve total.",,,
on_5inch_flak,WEAPON,"5 inch (127mm) Gun turret, this one is loaded with Flak shells. The loading mechanism has been semi-automated, it feeds in one round at a time while holding 5 rounds in reserve total.",,,
on_5inch_dual,WEAPON,"Dual 5 inch (127mm) Gun turret. The loading mechanism has been semi-automated, it feeds in 2 rounds at a time while holding 10 rounds in reserve total.",,,
on_5inch_dual_flak,WEAPON,"Dual 5 inch (127mm) Gun turret, this one is loaded with Flak shells. The loading mechanism has been semi-automated, it feeds in 2 rounds at a time while holding 10 rounds in reserve total.",,,
,,,,,
on_8inch_triple,WEAPON,"Triple 8 inch (203mm) Gun turret. The loading mechanism has been semi-automated, it feeds in 3 rounds at a time while holding 30 rounds in reserve total.",,,
on_10inch_dual,WEAPON,"Dual 10 inch (254mm) Gun turret. The loading mechanism has been semi-automated, it feeds in 2 rounds at a time while holding 20 rounds in reserve total.",,,
on_11inchDahl_dual,WEAPON,"Dual 11 inch (280mm) Gun turret. The loading mechanism has been semi-automated, it feeds in 2 rounds at a time while holding 20 rounds in reserve total. This one was most likely taken from a muesum.",,,
on_12inch_triple,WEAPON,"Triple 12 inch (304mm) Gun turret. The loading mechanism has been semi-automated, it feeds in 3 rounds at a time while holding 30 rounds in reserve total.",,,
,,,,,
on_14inch_triple,WEAPON,"Triple 18 inch (356mm) Gun turret. The loading mechanism has been semi-automated, it feeds in 3 rounds at a time while holding 30 rounds in reserve total.",,,
on_16inch_quad,WEAPON,"Quad 16 inch (405mm) Gun turret. The loading mechanism has been semi-automated, it feeds in 4 rounds at a time while holding 40 rounds in reserve total.",,,
on_18inch_triple,WEAPON,"Triple 18 inch (457mm) Gun turret. The loading mechanism has been semi-automated, it feeds in 3 rounds at a time while holding 30 rounds in reserve total.",,,
,,,,,
on_125mmCoil,WEAPON,"125mm Coilgun turret. The loading mechanism is entirely automated, it has a delay to charge up enough energy to fire and requires a barrel change after 10 shots.",,,
on_200mmCoil,WEAPON,"200mm Coilgun turret. The loading mechanism is entirely automated, it has a delay to charge up enough energy to fire and requires a barrel change after 5 shots.",,,
on_420mmAE_dual,WEAPON,"420mm Positron Beam turret. The loading mechanism is semi-automated, it feeds in 2 energy cells at a time while holding 8 cells in reserve total.",,,
,,,,,
on_21Mk15_single,WEAPON,21 Inch Torpedo.,,,
on_21Mk15_rack,WEAPON,"21 Inch Torpedo Rack, holds 4.",,,
,,,,,
on_100lb,WEAPON,Bomb,,,
on_100lb_fighter,WEAPON,Bomb (fighter),,,
on_1600lb,WEAPON,Bomb Larger,,,
on_1000lb_mine,WEAPON,Bomb Mine,,,
on_1000lb,WEAPON,Bomb Large,,,
,,,,,
#Planets,,,,,
#StarOfHope,,,,,
usnc_starofhope_hope,CUSTOM,"A white dwarf found and claimed by the USNC as their center of future operations. Named Hope, of course, as it started as an only hope to rebuild what has been lost.",,,
usnc_starofhope_dockyard,CUSTOM,USNC Naval Command,,,
usnc_starofhope_north,CUSTOM,USNC Colonial Capital,,,
usnc_starofhope_east,CUSTOM,USNC Industrial Operations,,,
usnc_starofhope_ice,CUSTOM,Frozen gas station,,,
,,,,,
#SRAC,,,,,
SRAC,FACTION,"Sampstonial Republic Admiralty Council.

A faction cut off from the rest of their nation due to unfortante circumstance, the senior leadership decided to consolidated power into a new command council and continue the traditions of the SRN as their own entity or if one day they can be reunited.",,,
,,,,,
#Ships,,,,,
on_NFP29,SHIP,Naval Frigate Pattern 1029.,,,
on_ND31,SHIP,Naval Destroyer Pattern 1031.,,,
,,,,,
on_NC40,SHIP,Naval Cruiser  Pattern 1040.,,,
,,,,,
#Weapons,,,,,
on_6pounder_dual,WEAPON,"Dual 6 pounder (57mm) Gun turret. The loading mechanism has been semi-automated, it feeds in 2 rounds at a time while holding 10 rounds in reserve total.",,,
on_100mm_flak,WEAPON,"100mm Gun turret, this one is loaded with Flak shells.  The loading mechanism has been semi-automated, it feeds in one round at a time while holding 5 rounds in reserve total.",,,
on_100mm,WEAPON,"100mm Gun turret. The loading mechanism has been semi-automated, it feeds in one round at a time while holding 5 rounds in reserve total.",,,
on_135mm,WEAPON,"135mm Gun turret. The loading mechanism has been semi-automated, it feeds in one round at a time while holding 5 rounds in reserve total.",,,
,,,,,
on_200mm_dual,WEAPON,"Dual 203mm Gun turret. The loading mechanism has been semi-automated, it feeds in 2 rounds at a time while holding 20 rounds in reserve total.",,,
,,,,,
#Planets,,,,,
#StarOfStonia,,,,,