name,id,designation,tech/manufacturer,system id,fleet pts,hitpoints,armor rating,max flux,8/6/5/4%,flux dissipation,ordnance points,fighter bays,max speed,acceleration,deceleration,max turn rate,turn acceleration,mass,shield type,defense id,shield arc,shield upkeep,shield efficiency,phase cost,phase upkeep,min crew,max crew,cargo,fuel,fuel/ly,range,max burn,base value,cr %/day,CR to deploy,peak CR sec,CR loss/sec,supplies/rec,supplies/mo,c/s,c/f,f/s,f/f,crew/s,crew/f,hints,tags,rarity,breakProb,minPieces,maxPieces,travel drive,number
#USNC General Fleet,,,Naval Maritime Commission,,,,,,,,,,,,,,,,,,,,,,,,,,,,,,,,,,,,,,,,,,,,,,,,,,
Liberty Ship,on_liberty,Freighter,Naval Maritime Commission,,3,6500,60,2000,,250,50,1,140,45,125,9,6,2000,NONE,,,,,,,80,105,950,150,1,40,9,35500,10,20,240,0.25,8,8,,,,,,,"CIVILIAN, CARRIER, FREIGHTER","usncg_bp, USNC",,0.6,1,5,,1941
Cimarron,on_cimarron,Tanker,Naval Maritime Commission,,3,7000,60,2000,,300,40,,140,45,125,9,6,2700,NONE,,,,,,,225,300,80,1000,1,500,9,36500,10,20,240,0.25,10,10,,,,,,,"CIVILIAN, TANKER","usncg_bp, USNC",,0.6,1,5,,1941
"Landing Ship, Tank",on_lst,Troop Transport,Naval Maritime Commission,,4,6500,100,1500,,250,30,2,160,50,125,9,6,800,NONE,,,,,,,25,350,300,50,1,40,9,27500,10,15,480,0.25,7,7,,,,,,,"CIVILIAN, CARRIER, LINER, FREIGHTER","usncg_bp, USNC",,0.6,1,5,,1942
,,,,,,,,,,,,,,,,,,,,,,,,,,,,,,,,,,,,,,,,,,,,,,,,,,,,,
#USNC System Fleet,,,Naval Maritime Commission,,,,,,,,,,,,,,,,,,,,,,,,,,,,,,,,,,,,,,,,,,,,,,,,,,
Ironclad Monitor,on_monitorold,System Monitor,Naval Maritime Commission,,3,4250,205,500,,100,40,,100,35,90,9,6,400,NONE,,,,,,,35,50,10,20,1,15,8,4150,10,10,540,0.25,3,3,,,,,,,,"usncs_bp, USNC",,0.5,2,5,,1862
Sampson,on_sampson,Destroyer,Naval Maritime Commission,,8,7650,150,3000,,150,50,,180,60,125,10,7,300,NONE,,,,,,,75,100,20,30,1,20,9,18500,10,10,540,0.25,5,5,,,,,,,,"usncs_bp, USNC",,0.5,2,5,,1915
Butler,on_butler,Destroyer Escort,Naval Maritime Commission,,10,8750,250,5000,,250,65,,160,50,125,10,7,550,NONE,,,,,,,150,195,25,40,1,25,9,24500,15,10,540,0.25,7,7,,,,,,,,"usncs_bp, USNC",,0.5,2,5,,1943
Balao,on_balao,Phase Destroyer,Naval Maritime Commission,,12,10500,200,5000,,300,65,,150,50,115,10,7,525,PHASE,phasecloak,90,,,0.08,0.06,65,80,15,30,1,30,9,30500,15,15,540,0.25,12,12,,,,,,,,"usncs_bp, USNC",,0.5,2,5,,1942
Fletcher,on_fletcher,Destroyer,Naval Maritime Commission,,15,11250,550,7000,,300,100,,150,50,115,10,7,1000,NONE,,,,,,,250,330,30,50,1,30,9,32500,15,15,540,0.25,9,9,,,,,,,,"usncs_bp, USNC",,0.5,2,5,,1941
Atlanta,on_atlanta,Light Cruiser,Naval Maritime Commission,,20,25000,700,8500,,500,225,,140,50,105,9,6,2300,NONE,,,,,,,505,670,35,60,1,45,9,75500,25,20,720,0.25,14,14,,,,,,,,"usncs_bp, USNC",,0.4,3,8,,1934
,,,,,,,,,,,,,,,,,,,,,,,,,,,,,,,,,,,,,,,,,,,,,,,,,,,,,
#USNC Interstellar Fleet,,,Naval Maritime Commission,,,,,,,,,,,,,,,,,,,,,,,,,,,,,,,,,,,,,,,,,,,,,,,,,,
Portland,on_portland,Heavy Cruiser,Naval Maritime Commission,,25,30000,850,9500,,600,250,,135,45,105,9,6,3300,NONE,,,,,,,715,950,35,60,1,50,8,95000,25,20,720,0.25,18,18,,,,,,,,"usnci_bp, USNC",,0.4,3,8,,1932
#Lexington,on_lexington,Battlecruiser,Naval Maritime Commission,,30,38000,1350,9500,,800,300,,135,45,105,9,6,3800,NONE,,,,,,,1010,1350,40,60,1,50,8,95000,25,20,720,0.25,22,22,,,,,,,,"usnci_bp, USNC",,0.4,3,8,,1932
Yorktown,on_yorktown,Carrier,Naval Maritime Commission,,20,35000,950,10000,,1000,200,4,130,45,100,9,6,3500,NONE,,,,,,,1620,2150,80,80,1,60,8,135000,30,30,720,0.25,30,30,,,,,,,CARRIER,"usnci_bp, USNC",,0.4,3,8,,1940
North Carolina,on_ncarolina,Battleship,Naval Maritime Commission,,30,42000,1750,10000,,1000,500,,130,40,100,9,6,4250,NONE,,,,,,,1470,1950,50,80,1,50,8,195000,30,25,720,0.25,40,40,,,,,,,,"usnci_bp, USNC",,0.3,3,8,,1937
#Iowa,on_iowa,Battleship,Naval Maritime Commission,,30,63000,1900,10000,,1250,650,,125,40,95,9,6,5550,NONE,,,,,,,2000,2700,50,80,1,50,8,250000,30,25,720,0.25,60,60,,,,,,,,"usnci_bp, USNC",,0.3,3,8,,1940
,,,,,,,,,,,,,,,,,,,,,,,,,,,,,,,,,,,,,,,,,,,,,,,,,,,,,
#UNSC Wings,,,Naval Maritime Commission,,,,,,,,,,,,,,,,,,,,,,,,,,,,,,,,,,,,,,,,,,,,,,,,,,
#LCM-6,on_LCM6,,Naval Maritime Commission,,,1000,150,800,,125,50,,160,60,130,12,9,200,NONE,,,,,,,5,11,,,,,,,,,,,,,,,,,,,,,,0.5,1,4,,1960
Elco PTB,on_elcopt,,Naval Maritime Commission,,,850,100,400,,90,50,,250,85,100,60,80,60,NONE,,,,,,,5,5,,,,,,,,,,,,,,,,,,,,,,0.5,0,3,,1942
TBD-1 Devastator,on_devastator,,Naval Maritime Commission,,,350,125,250,,75,50,,320,150,400,90,45,10,NONE,,,,,,,2,2,,,,,,,,,,,,,,,,,,,,,,0.5,0,2,,1937
TBF-1C Avenger,on_avenger,,Naval Maritime Commission,,,450,160,250,,75,50,,435,190,400,95,50,10,NONE,,,,,,,,,,,,,,,,,,,,,,,,,,,,,,0.5,0,2,,1942
SBD-3 Dauntless,on_dauntless,,Naval Maritime Commission,,,300,150,250,,75,50,,440,195,400,100,55,10,NONE,,,,,,,2,2,,,,,,,,,,,,,,,,,,,,,,0.5,0,2,,1940
F4F-3 Wildcat,on_wildcat,,Naval Maritime Commission,,,250,150,250,,75,50,,520,200,400,110,60,5,NONE,,,,,,,1,1,,,,,,,,,,,,,,,,,,,,,,0.5,0,2,,1940
,,,,,,,,,,,,,,,,,,,,,,,,,,,,,,,,,,,,,,,,,,,,,,,,,,,,,
#SRAC General Fleet,,,Societe du Consortium Maritime National,,,,,,,,,,,,,,,,,,,,,,,,,,,,,,,,,,,,,,,,,,,,"srncg_bp, SRAC",,,,,,
,,,,,,,,,,,,,,,,,,,,,,,,,,,,,,,,,,,,,,,,,,,,,,,,,,,,,
#SRAC  System Fleet,,,Societe du Consortium Maritime National,,,,,,,,,,,,,,,,,,,,,,,,,,,,,,,,,,,,,,,,,,,,,,,,,,
Frigate Pattern 1029,on_NFP29,Frigate,Societe du Consortium Maritime National,,4,4650,175,2500,,150,30,,200,70,175,12,9,150,NONE,,,,,,,55,75,20,30,1,20,10,15500,10,10,540,0.25,4,4,,,,,,,,"srncs_bp, SRAC",,0.5,1,3,,1929
Frigate Pattern 1029 (M),on_NFP29_modernized,Frigate,Societe du Consortium Maritime National,,5,5500,225,300,,200,30,,225,80,200,16,13,200,NONE,,,,,,,50,80,20,30,0.5,30,10,20500,10,10,540,0.25,5,5,,,,,,,,"srncs_bp, SRAC",,0.5,1,3,,1929
Destroyer Pattern 1031,on_ND31,Destroyer,Societe du Consortium Maritime National,,13,9800,500,6000,,200,150,,160,50,125,10,7,900,NONE,,,,,,,195,260,30,50,1,30,9,29500,20,15,540,0.25,8,8,,,,,,,,"srncs_bp, SRAC",,0.5,2,5,,1931
,,,,,,,,,,,,,,,,,,,,,,,,,,,,,,,,,,,,,,,,,,,,,,,,,,,,,
,,,,,,,,,,,,,,,,,,,,,,,,,,,,,,,,,,,,,,,,,,,,,,,,,,,,,
#SRAC  Interstellar Fleet,,,Societe du Consortium Maritime National,,,,,,,,,,,,,,,,,,,,,,,,,,,,,,,,,,,,,,,,,,,,"srnci_bp, SRAC",,,,,,
,,,,,,,,,,,,,,,,,,,,,,,,,,,,,,,,,,,,,,,,,,,,,,,,,,,,,
#SRAC  Wings,,,Societe du Consortium Maritime National,,,,,,,,,,,,,,,,,,,,,,,,,,,,,,,,,,,,,,,,,,,,,,,,,,